script_path	language	pipeline_stage	purpose	entrypoint_or_reproduction_command	cli_options	declared_input_output_paths	line_count	sha256	documentation_status	catalogued_at_utc
scripts/acquire_pharmacology_evidence.py	Python	data_acquisition	Acquire pharmacology evidence for prioritized RSES-Onco targets. Live, cached sources: - Open Targets GraphQL: tractability, known drugs, indication context; - ChEMBL REST: target mechanisms and bioactivity; - DGIdb GraphQL: aggregated drug-gene interactions; - MyChem.info REST: compound identifiers and annotation enrichment; - Pharos/TCRD GraphQL: target development level and drug ligands; - CIViC: verified gene-level precision-oncology record links. GDSC, CTRP and PRISM are release files rather than stable per-target APIs and are handled by ``standardize_drug_sensitivity.py`` and ``analyze_drug_response_selectivity.py``. Network/API failures are recorded in a source-status table; they are never converted to zero evidence.	python -u scripts/acquire_pharmacology_evidence.py --help	--cache-dir;--chembl-activity-limit;--max-targets;--minimum-vulnerability-score;--output-dir;--ranking;--refresh;--sleep;--sources;--strict-source	data/processed/pharmacology;data/raw/pharmacology/api_cache;results/expanded_26Q1/full/expanded_rses_onco.tsv	740	02315f0ac5f85875052e1b91b456f830679c9feda75294b490f44b86bfbc77d0	documented_from_source	2026-07-24T00:44:27.228700+00:00
scripts/aggregate_gdc_gene_cna.py	Python	supporting_module	Aggregate downloaded GDC ASCAT3 gene-level integer CN into homdel matrices. Output is deletion-only discrete coding: 0 total copies -> -2; >0 copies -> 0; missing remains missing. This is compatible with the RSES-Onco homozygous- deletion frequency function but must not be described as a GISTIC matrix.	python -u scripts/aggregate_gdc_gene_cna.py --help	--manifest;--output-dir;--raw-dir	data/processed;data/raw/gdc;data/raw/gdc/gdc_gene_level_copy_number_manifest.json	118	45329e1ea4f61f2a302f27c3d47a28e49fca29e337d76c38e8d0c9b2fb602441	documented_from_source	2026-07-24T00:44:27.228700+00:00
scripts/aggregate_wgcna_regulatory_layer.py	Python	expression_and_regulation	Collapse cancer-specific WGCNA/regulatory evidence to a consensus pair prior. Cancer-specific measurements remain in the detailed source tables. The functional microniche receives a consensus prior so the same expression or methylation matrix is not counted as three independent evidence units in each cancer-specific RSES-Onco score.	python -u scripts/aggregate_wgcna_regulatory_layer.py --help	--base;--cancer-specific;--output		129	2a856aabd8c0af6b3fc59aa4c0ed1a07ad69ddffd9bd9faa2727babfbe34371a	documented_from_source	2026-07-24T00:44:27.228700+00:00
scripts/analyze_drug_response_selectivity.py	Python	pharmacology	Test whether candidate drugs preferentially affect biomarker-loss cancer models. The input sensitivity table is produced by ``standardize_drug_sensitivity.py``. For each candidate loss-target-drug hypothesis, response in copy-number-loss and intact models is compared within colorectal, gastric or lung lineages. P values are Benjamini-Hochberg adjusted within each source and cancer family.	python -u scripts/analyze_drug_response_selectivity.py --help	--copy-number;--evidence-output;--gene-effect;--loss-threshold;--min-group-size;--models;--output;--pharmacology-evidence;--ranking;--sensitivity	data/processed/pharmacology/drug_response_selectivity.tsv;data/processed/pharmacology/drug_sensitivity_long.tsv;data/processed/pharmacology/pharmacology_evidence_long.tsv;data/processed/pharmacology/pharmacology_sensitivity_evidence.tsv;results/expanded_26Q1/full/expanded_rses_onco.tsv	317	cf769e86d6211098c399112284538ff15bc24232dbcee477528e6d1d96b09a17	documented_from_source	2026-07-24T00:44:27.228700+00:00
scripts/build_article_workbook.py	Python	tables_and_reproducibility	Build the complete organized article, supplementary, QC and evidence workbook.	python -u scripts/build_article_workbook.py --help	--article-root;--output	article_outputs/workbooks/RSES_Onco_Article_Tables_and_Evidence.xlsx	143	f1a0ee08bcd79e1eea11246bcb0bd1318d9bef8e6ab1c1c83bc4d4575d6c1f1f	documented_from_source	2026-07-24T00:44:27.228700+00:00
scripts/build_asset_reproduction_registry.py	Python	supporting_module	Build the human-readable figure/table reproduction registry. The registry is a supplementary table rather than an opaque technical manifest. It records the responsible script, expected inputs, command, output and document location for every registered publication figure and table.	python -u scripts/build_asset_reproduction_registry.py --help	--article-root;--config	config/article_assets.yaml;data/figures/{category}/{record;supplementary/Table_S44_asset_reproduction_registry.tsv	111	9942b6ec9cdf4bd47ff14546b9f83ef2d62d4fa2c131860be70d9b3c43c5713c	documented_from_source	2026-07-24T00:44:27.228700+00:00
scripts/build_empirical_workbook.py	Python	tables_and_reproducibility	Build a multi-sheet Excel workbook from benchmark or expanded RSES-Onco outputs.	python -u scripts/build_empirical_workbook.py --help	--input;--output	data/processed/expanded_candidate_universe.tsv;data/processed/expanded_class_member_inventory.tsv;data/processed/expanded_pair_functional_evidence.tsv;results/empirical_26Q1/full/empirical_rses_onco_by_cancer.tsv;supplementary/RSES_Onco_Empirical_26Q1.xlsx	95	f8ea6b18196b60393a32cfd03082cbcc4c09c792914b28930f169203047d4589	documented_from_source	2026-07-24T00:44:27.228700+00:00
scripts/build_expanded_candidate_universe.py	Python	candidate_universe	Build the expanded RSES-Onco candidate universe. The mandatory universe contains every directed cross-cluster human NISE pair plus all curated benchmark vulnerabilities. Optional standardized tables can add Ensembl paralogs, pathway backups, collateral-deletion pairs, downstream vulnerabilities or other explicitly sourced classes. Composite biological loss states are preserved as composite features. In contrast, an explicitly gene-valued target field such as ``CDK4/CDK6`` is expanded into one atomic target hypothesis per gene while retaining the original target feature and pair-group provenance.	python -u scripts/build_expanded_candidate_universe.py --help	--additional;--benchmarks;--members-output;--nise-pairs;--output	data/curated/synthetic_lethality_reference_pairs.tsv;data/processed/expanded_candidate_universe.tsv;data/processed/expanded_class_member_inventory.tsv;data/processed/human_nise_all_within_activity_pairs_2017.tsv	182	55156c2ad8d0dfd5db5d3c6abb4a99defdcb8bee49b19881d6c252a1964f1171	documented_from_source	2026-07-24T00:44:27.228700+00:00
scripts/build_extended_multiomics_evidence.py	Python	supporting_module	Build scored and exploratory extended multi-omics evidence for RSES-Onco.	python -u scripts/build_extended_multiomics_evidence.py --help	--config;--copy-number;--input-dir;--loss-threshold;--min-group-size;--models;--output-dir;--ranking;--strict	config/extended_multiomics_sources.yaml;data/processed/extended_multiomics;data/raw/depmap/Model.csv;data/raw/depmap/OmicsCNGeneWGS.csv;results/expanded_26Q1/full/expanded_rses_onco.tsv	367	c8ef89a99789242aa3eb03831bfe8a001924fa420086f6390bbe740f2dc33dbb	documented_from_source	2026-07-24T00:44:27.228700+00:00
scripts/build_genomic_circos_inputs.py	Python	genomic_circos	Build genomic Circos inputs for every NISE and homologous-paralog hypothesis.	python -u scripts/build_genomic_circos_inputs.py --help	--candidates;--expression;--models;--output-dir;--promoters;--ranking	data/processed/circos;data/processed/expanded_candidate_universe.tsv;data/raw/depmap/;data/raw/depmap/Model.csv;data/raw/regulatory/ensembl_promoters.tsv;results/expanded_26Q1/full/expanded_rses_onco.tsv	593	d37546111fa801ca32ba4a959b734a72fb37b1e63f92096d3c93471313788f7f	documented_from_source	2026-07-24T00:44:27.228700+00:00
scripts/build_genomic_circos_methods.py	Python	genomic_circos	Generate supplementary methods for the genomic Circos and its score rings.	python -u scripts/build_genomic_circos_methods.py --help	--output;--tracks	article_outputs/manuscript_assets/;data/processed/circos/	113	13882130e75877368c25e5a7a3eeef4a5fa199688b20f003a92fb2bd115bc207	documented_from_source	2026-07-24T00:44:27.228700+00:00
scripts/build_model_level_supporting_evidence.py	Python	supporting_module	Build model-level expression, coexpression, compensation and CRISPR support tables. Only gene-pair hypotheses with real DepMap measurements are evaluated. Composite biomarkers are retained in an explicit non-eligible status table and are never converted into single-gene events. Correlation is reported descriptively and is not interpreted as compensation; compensation is operationally tested as target expression in loss versus intact models.	python -u scripts/build_model_level_supporting_evidence.py --help	--copy-number;--expression;--gene-effect;--loss-threshold;--models;--output-root;--ranking	results/expanded_26Q1/full/expanded_rses_onco.tsv	446	3477372b75777f1505df15ac0d77fb15ea1b0396e0e812f2e9b99a14d1086ef5	documented_from_source	2026-07-24T00:44:27.228700+00:00
scripts/build_publication_documents.py	Python	documentation	Build and optionally render the RSES-Onco manuscript and supplement. The documents use only repository text sources, registered figure assets and registered tables. Figure captions remain editable Word text. Supplementary Figures S68 and S69 are forced onto separate pages.	python -u scripts/build_publication_documents.py --help	--article-root;--convert-to;--headless;--libreoffice;--manuscript-source;--outdir;--output-dir;--pdftoppm;--render-pages;--render-pdf;--supplement-source	article_outputs/documents;manuscript/RSES_Onco_manuscript_source.md;manuscript/RSES_Onco_supplement_source.md	249	04a6d0abe50dce04a0f9ff841e86fde60ac705d3df9a7fd5df3fba3a624a7064	documented_from_source	2026-07-24T00:44:27.228700+00:00
scripts/build_publication_evidence_audit.py	Python	validation	Build publication-grade coverage, missingness and score-decomposition audits. Inputs ------ - cancer-specific RSES-Onco ranking; - functional evidence table; - pharmacology evidence table; - acquisition metadata/status JSON files. Outputs ------- Open TSV tables under ``article_outputs/tables/qc`` and ``article_outputs/tables/score_components``. Missing evidence is retained as missing, non-eligible domains are explicit, and technical source failures are never interpreted as biological negatives.	python -u scripts/build_publication_evidence_audit.py --help	--functional-evidence;--output-root;--pharmacology-evidence;--ranking;--source-metadata-root	article_outputs/tables/qc;article_outputs/tables/score_components;data/processed/expanded_pair_functional_evidence.tsv;data/processed/pharmacology/pharmacology_evidence_long.tsv;data/raw;data/status;results/expanded_26Q1/full/expanded_rses_onco.tsv	375	a801c9655f66c6625544d3cc680d0ec19bc6ffdbd05b6e548b87d79ca26ba0e8	documented_from_source	2026-07-24T00:44:27.228700+00:00
scripts/build_publication_evidence_audit_complete.py	Python	validation	Run the eligibility-aware evidence audit and finalize coverage/overlap views.	python -u scripts/build_publication_evidence_audit_complete.py --help		data/processed/expanded_pair_functional_evidence.tsv;data/processed/pharmacology/pharmacology_evidence_long.tsv;data/raw/human_functional_evidence;results/expanded_26Q1/full/expanded_rses_onco.tsv	282	3bc22f18aabdddb4d79b5fc9fd61ebdbe3455947a89001d729a8b6f08b476356	documented_from_source	2026-07-24T00:44:27.228700+00:00
scripts/build_publication_manifest.py	Python	tables_and_reproducibility	Create publication-asset inventories, provenance and SHA-256 checksums.	python -u scripts/build_publication_manifest.py --help	--abbrev-ref;--article-root;--input;--porcelain		221	fa1bd52eeff229c5ba7d15d573620880b58d088b082b9575cdc637750799ea80	documented_from_source	2026-07-24T00:44:27.228700+00:00
scripts/build_publication_methods_documentation.py	Python	documentation	Generate human-readable scientific methods and asset-reproduction documentation.	python -u scripts/build_publication_methods_documentation.py --help	--article-root	data/figure_source_data_inventory.tsv;supplementary/Table_S44_asset_reproduction_registry.tsv	142	b4b7fc67af5e11a84e7f421942fe7666603065c71ddb528a9321c16543525d8c	documented_from_source	2026-07-24T00:44:27.228700+00:00
scripts/build_relation_forest.py	Python	candidate_universe	Build a non-phylogenetic human enzyme relation forest from the curated NISE table. Leaves are grouped first by reported structural cluster and then by EC activity. This is a functional/annotation topology for navigation, not an evolutionary tree.	python -u scripts/build_relation_forest.py --help	--catalog;--edges;--output	data/curated/human_nise_bonafide_2017.tsv;results/human_nise_relation_edges.tsv;results/human_nise_relation_forest.nwk	63	14262a21148bea277453173df070190b75f404195cef7b4d9a12aaec2f53d472	documented_from_source	2026-07-24T00:44:27.228700+00:00
scripts/build_script_documentation.py	Python	documentation	Generate a complete repository script/module catalogue with commands, inputs and outputs.	python -u scripts/build_script_documentation.py --help	--output-md;--output-tsv;--processed-output	data/processed/documentation/;docs/SCRIPT_CATALOG.md;docs/script_manifest.tsv	232	4aabf6c960cdff70e0bd4a46d66a52ac03296973642700aa5f99e777765e9345	documented_from_source	2026-07-24T00:44:27.228700+00:00
scripts/build_sequence_tree.py	Python	supporting_module	No module-level description was recorded.	python -u scripts/build_sequence_tree.py --help	--catalog;--output-prefix;--threads	data/curated/human_nise_bonafide_2017.tsv;results/human_nise_all	34	52b7f7bb470c6afbf2a782a74d29759c8fdafdd4eea205f2e393fe8c797bf07c	documented_from_source	2026-07-24T00:44:27.228700+00:00
scripts/build_wgcna_regulatory_layer.py	Python	expression_and_regulation	Build cancer-specific WGCNA, TF-expression and promoter-motif evidence. WGCNA and pairwise coexpression are kept inside one expression-network domain to avoid double counting the same expression matrix. DoRothEA TF-target associations, TF-target expression consistency and JASPAR promoter motif predictions are combined inside one regulatory domain. Motif predictions are never called direct binding.	python -u scripts/build_wgcna_regulatory_layer.py --help	--candidates;--copy-number;--dorothea;--expression;--functional-evidence;--gene-effect;--max-genes;--models;--output;--promoter-motifs;--rscript;--wgcna-script;--work-dir	data/processed/expanded_candidate_universe.tsv;data/processed/expanded_pair_functional_evidence.tsv;data/processed/regulatory/jaspar_promoter_tf_summary.tsv;data/processed/regulatory/wgcna;data/raw/human_functional_evidence/omnipath_dorothea.tsv	525	ca5f12348fc66340528eeb7437fa771518ea2309daec2c23854b94c7e5970d09	documented_from_source	2026-07-24T00:44:27.228700+00:00
scripts/build_wgcna_regulatory_methods.py	Python	expression_and_regulation	Write supplementary methods for WGCNA and promoter-aware regulation.	python -u scripts/build_wgcna_regulatory_methods.py --help	--article-root		97	e5edd122b1b6074c9c4e44915a3af5257f99303dd606f18240b0934a80e1ba34	documented_from_source	2026-07-24T00:44:27.228700+00:00
scripts/catalog_figure_source_data.py	Python	figures	Catalog and validate the exact machine-readable table used by every figure.	python -u scripts/catalog_figure_source_data.py --help	--article-root	config/genomic_circos_asset.yaml;data/processed/circos/;data/processed/circos/genomic_circos_pair_links.tsv	251	df5528eb3ed5772f447fab95e2bfa3d46207a0a0f16212336611473d4e8a43c1	documented_from_source	2026-07-24T00:44:27.228700+00:00
scripts/collect_nise_structural_annotations.py	Python	supporting_module	Collect known functional residues for human NISE AlphaFold models. Evidence hierarchy: 1. exact UniProtKB reviewed residue features; 2. M-CSA residues with explicit UniProt numbering; 3. curated M-CSA PDB residues mapped exactly to the queried UniProt accession through residue-level SIFTS XML; 4. PDBe/Arpeggio ligand-binding residues only when the API explicitly returns UniProt residue numbering; 5. optional user-curated exact UniProt residue tables. The script never transfers PDB residue numbers or homology-derived catalytic residues onto AlphaFold models without an explicit mapping. AlphaFold models do not contain ligands; known ligand/drug-contact residues are highlighted as mapped annotations, not as predicted binding poses.	python -u scripts/collect_nise_structural_annotations.py --help	--cache-dir;--coverage-output;--curated-residues;--max-pdb-per-protein;--output;--proteins;--refresh;--skip-pdbe;--sleep	data/curated/human_nise_bonafide_2017.tsv;data/processed/structures/nise_structural_annotation_coverage.tsv;data/processed/structures/nise_structural_residue_annotations.tsv;data/raw/structures/annotation_cache	372	f41d4b9e1176dcc4668383a2eef8ad50986a58e4aac612bd5941c895658a7280	documented_from_source	2026-07-24T00:44:27.228700+00:00
scripts/complete_genomic_circos_expression_summary.py	Python	genomic_circos	Complete Circos expression tables with explicit unavailable rows. Observed model-level expression values are preserved unchanged. Every Circos gene and cancer context is represented in the summary, and a single sentinel row is added to the model-level table only when no expression value exists. Sentinel rows carry NA expression and an explicit status; they are not measurements and are never converted to numeric zero.	python -u scripts/complete_genomic_circos_expression_summary.py --help	--coordinates;--model-values;--summary	data/processed/circos/	179	122aeb73965e953a222372de539319e79580924f10edb7ac1f5d5d54142f710d	documented_from_source	2026-07-24T00:44:27.228700+00:00
scripts/complete_genomic_circos_links.py	Python	genomic_circos	Guarantee one genomic Circos chord for every simple NISE/paralog pair. The primary Circos builder derives link score summaries from the final ranking. This completion stage preserves pairs that are present in the candidate universe but have no score row, recording their score as missing instead of silently omitting the biological relationship.	python -u scripts/complete_genomic_circos_links.py --help	--candidates;--coordinates;--links;--ranking	data/processed/circos/;data/processed/circos/genomic_circos_pair_links.tsv;data/processed/expanded_candidate_universe.tsv;results/expanded_26Q1/full/expanded_rses_onco.tsv	199	81b3e15c3eed36557a9651049a5cd93abd1e1cc63eda66eacdf8b0f2072e5cd5	documented_from_source	2026-07-24T00:44:27.228700+00:00
scripts/create_manual_visual_inspection_checklist.py	Python	supporting_module	Create the mandatory manual 100%-zoom inspection checklist. Automated layout checks cannot certify scientific correspondence or final-document legibility. This script creates one pending review row for every registered figure and records the exact rendered files and source-data table that must be inspected. It never marks a figure as manually approved.	python -u scripts/create_manual_visual_inspection_checklist.py --help	--article-root	manuscript/supplement	91	f09941cd29aca45f7ddf70a090509cf2ea2ad964130e104482eba39117e3e7b2	documented_from_source	2026-07-24T00:44:27.228700+00:00
scripts/discover_conditional_dependencies.py	Python	supporting_module	Discover cancer-specific conditional dependencies across all DepMap CRISPR targets. For each analyzable loss gene, every measured CRISPR target is tested between copy-number-loss and intact models. One-sided Mann-Whitney tests are vectorized across targets, and Benjamini-Hochberg correction is applied across the complete target family for each loss-gene/cancer analysis before effect-size filtering. This discovery layer can identify downstream, pathway-backup and other hidden conditional dependencies not present in the curated benchmark. It does not assign a mechanistic class without independent relation evidence.	python -u scripts/discover_conditional_dependencies.py --help	--candidate-output;--candidates;--copy-number;--fdr;--gene-effect;--loss-threshold;--loss-universe;--max-loss-genes;--maximum-median-loss-effect;--min-group-size;--minimum-delta;--models;--output	data/processed/expanded_candidate_universe.tsv;data/raw/discovery/depmap_discovered_candidate_pairs.tsv;results/expanded_26Q1/discovery/all_target_dependency_screen.tsv	310	ac357e0ca31917dccd00144ef239a621cd1bbbf239cd4a1219f9b5aa7674508e	documented_from_source	2026-07-24T00:44:27.228700+00:00
scripts/download_alphafold_nise_structures.py	Python	data_acquisition	Download AlphaFold DB structures for all curated human NISE proteins. The downloader uses the AlphaFold DB prediction API, preserves model/fragments, writes through temporary files, validates non-empty downloads, calculates SHA-256 checksums and records all metadata required for reproducibility.	python -u scripts/download_alphafold_nise_structures.py --help	--manifest;--output-dir;--proteins;--refresh;--sleep	data/curated/human_nise_bonafide_2017.tsv;data/processed/structures/alphafold_structure_manifest.tsv;data/raw/structures/alphafold	198	2b136bafb967fefd4e21edcfad9ecefeba0fc56749e230b911d834566a845a1c	documented_from_source	2026-07-24T00:44:27.228700+00:00
scripts/download_depmap.py	Python	data_acquisition	Validate locally downloaded DepMap release files. The validator accepts current and legacy filenames and normalizes historical row-identifier encodings (ModelID, DepMap_ID, or an unnamed ACH-* index). It does not rewrite the large source matrices.	python -u scripts/download_depmap.py --help	--allow-missing-expression;--input-dir;--write-checksums	data/raw/depmap	121	fa4507552777d31f1e0fb7b3236896cc50c5678a3f619ae255bf9a0f3ac3840a	documented_from_source	2026-07-24T00:44:27.228700+00:00
scripts/download_dorothea_official_static.py	Python	data_acquisition	Download DoRothEA from OmniPath's official static-table backup. The primary OmniPath REST endpoint occasionally returns HTTP 5xx responses. The OmnipathR project publishes an official no-TLS static backup specifically for server or client connectivity failures. This script downloads the human DoRothEA interaction table, validates the schema, filters confidence levels, and writes a reusable local TSV for the expanded RSES-Onco pipeline.	python -u scripts/download_dorothea_official_static.py --help	--levels;--output;--refresh;--retries;--status-output;--timeout;--url	data/raw/human_functional_evidence/	278	6777d3105884510f0f595206aeedf6373415b18c52c612a7f97ca52d4a3b021b	documented_from_source	2026-07-24T00:44:27.228700+00:00
scripts/download_ensembl_paralogs.py	Python	data_acquisition	Expand the analyzed human gene universe with Ensembl Compara paralogs. This is an explicit source-bounded definition of the homologous-paralog class: all human paralogs returned by the selected Ensembl release for the supplied seed genes. It does not claim that all human functional backups are paralogs. The downloader is deliberately resumable and tolerant of transient Ensembl REST failures. Homology responses are cached per seed gene, target identifiers are resolved in batches through POST /lookup/id, and unresolved identifiers are reported instead of aborting the complete workflow on one temporary HTTP 5xx.	python -u scripts/download_ensembl_paralogs.py --help	--batch-size;--cache;--candidates;--homology-cache-dir;--metadata-output;--output;--refresh;--retries;--sleep;--strict-completeness;--unresolved-output	data/processed/expanded_candidate_universe.tsv;data/raw/ensembl/ensembl_acquisition_metadata.json;data/raw/ensembl/ensembl_symbol_cache.json;data/raw/ensembl/ensembl_unresolved_identifiers.tsv;data/raw/ensembl/homology_cache;data/raw/ensembl/human_seed_paralogs.tsv	540	674dc295cf039acc76f7d8c6d1dae8d1dc8476bb7ee138501026801e577c717a	documented_from_source	2026-07-24T00:44:27.228700+00:00
scripts/download_ensembl_promoters.py	Python	data_acquisition	Download canonical human promoter coordinates and sequences from Ensembl REST. Promoter sequence is defined relative to the canonical transcript TSS as 2,000 bp upstream and 500 bp downstream on the transcript strand. Coordinates and sequences are cached and source failures remain explicit; they are never converted into negative regulatory evidence.	python -u scripts/download_ensembl_promoters.py --help	--cache-dir;--candidates;--downstream;--fasta;--output;--status-output;--upstream	data/processed/expanded_candidate_universe.tsv;data/raw/regulatory/ensembl_promoter_cache;data/raw/regulatory/ensembl_promoters.fa;data/raw/regulatory/ensembl_promoters.tsv;data/raw/regulatory/ensembl_promoters_status.json	336	2429f87522538a547daf1f18a1a42238aa7ef93a11d572e66e7fcde8f8945ef0	documented_from_source	2026-07-24T00:44:27.228700+00:00
scripts/download_gdc.py	Python	data_acquisition	Query, download and validate open GDC ASCAT3 primary-tumor gene-level CN files.	python -u scripts/download_gdc.py --help	--manifest;--manifest-only;--output-dir;--projects;--retries;--use-existing-manifest;--validate-only;--workflow	data/raw/gdc	181	2b2724ebb600c73823d5916b0cf3f5cd77a66c137f395acb834dad5a2add2c52	documented_from_source	2026-07-24T00:44:27.228700+00:00
scripts/download_hpa_subcellular_current.py	Python	data_acquisition	Download and validate the current Human Protein Atlas subcellular table. The Human Protein Atlas moved the archive from ``/download/subcellular_location.tsv.zip`` to ``/download/tsv/subcellular_location.tsv.zip``. This utility writes the uncompressed TSV to the cache path consumed by the resilient functional-evidence pipeline, allowing a failed run to resume without repeating STRING acquisition.	python -u scripts/download_hpa_subcellular_current.py --help	--output;--refresh;--retries;--status-output;--timeout	data/raw/human_functional_evidence/hpa_subcellular_location.tsv;data/raw/human_functional_evidence/hpa_subcellular_status.json	209	97b3efe31f599345d3350b88debf04c36692d46ffd5efe50205a691e437ea803	documented_from_source	2026-07-24T00:44:27.228700+00:00
scripts/download_human_functional_evidence.py	Python	data_acquisition	Acquire human functional-microniche evidence for the expanded universe. Sources: - STRING functional interaction partners (taxon 9606); - OmniPath/DoRothEA transcription-factor target interactions; - Human Protein Atlas subcellular localization; - UniProtKB reviewed annotations for biochemical/structural traceability. Raw responses are cached and pair-level divergence metrics are written separately. Missing resources remain missing and never become score zero.	python -u scripts/download_human_functional_evidence.py --help	--caller-identity;--candidates;--output;--raw-dir;--refresh-string;--skip-download;--strict-string-requests;--string-limit;--string-map-chunk-size;--string-required-score;--string-retries;--string-sleep	data/processed/expanded_candidate_universe.tsv;data/processed/expanded_pair_functional_evidence.tsv;data/raw/human_functional_evidence	840	3ff28f2397877f706b5284a5522f8ab713bbaed5b617f9d6e0ad98b1022bc609	documented_from_source	2026-07-24T00:44:27.228700+00:00
scripts/download_human_functional_evidence_resilient.py	Python	data_acquisition	Acquire functional-microniche evidence with resilient DoRothEA fallback. This recovery-oriented entry point reuses a complete STRING per-gene acquisition, tries multiple official OmniPath service addresses for DoRothEA, accepts an optional local DoRothEA TSV, and preserves a persistent OmniPath outage as explicit missing regulatory coverage unless strict mode is requested.	python -u scripts/download_human_functional_evidence_resilient.py --help	--caller-identity;--candidates;--dorothea-file;--dorothea-retries;--output;--raw-dir;--refresh-dorothea;--refresh-hpa;--refresh-string;--refresh-uniprot;--strict-dorothea;--string-limit;--string-map-chunk-size;--string-required-score;--string-retries;--string-sleep	data/processed/expanded_candidate_universe.tsv;data/processed/expanded_pair_functional_evidence.tsv;data/raw/human_functional_evidence	451	4dd8b0e515d1e785acb146895efa60e06d3ccdca60c4ddca8244f775cb6ed6ec	documented_from_source	2026-07-24T00:44:27.228700+00:00
scripts/download_human_nise.py	Python	data_acquisition	Download the current Swiss-Prot NISE dataset and extract Homo sapiens rows. The 2026 dataset uses UniProtKB release 2025_01. Column names are detected case-insensitively because future versions may adjust the exact header labels.	python -u scripts/download_human_nise.py --help	--output;--raw	data/processed/human_nise_2026.tsv;data/raw/SwissProt_NISE.tsv.gz	48	5d7f5cbcde7cb964dc4449e61a2f88a33296b319dfa1d95c16d30c7b36529805	documented_from_source	2026-07-24T00:44:27.228700+00:00
scripts/download_jaspar_core_vertebrates.py	Python	data_acquisition	Download the official JASPAR 2026 CORE vertebrate non-redundant MEME file.	python -u scripts/download_jaspar_core_vertebrates.py --help	--output;--refresh;--status-output;--url	data/2026/CORE/;data/raw/regulatory/JASPAR2026_CORE_vertebrates_non-redundant.meme;data/raw/regulatory/jaspar2026_core_status.json	86	d1d3f59b8e7ae7fafb316eb9439e8acfa45e142eead73c8e4a02d342388f2bea	documented_from_source	2026-07-24T00:44:27.228700+00:00
scripts/enrich_genomic_circos_internal_layers.py	Python	genomic_circos	Add score-internal WGCNA, methylation and validation layers to Circos rings. The base Circos table contains every top-level RSES-Onco and functional-microniche component. This stage adds the internal values that are combined to create WGCNA, promoter methylation and validation/tractability components so the visualization and Supplementary Table S47 expose every calculational layer available to the final score.	python -u scripts/enrich_genomic_circos_internal_layers.py --help	--candidates;--coordinates;--ranking;--rings;--tracks;--wgcna	data/processed/circos/;data/processed/expanded_candidate_universe.tsv;data/processed/regulatory/wgcna/;results/expanded_26Q1/full/expanded_rses_onco.tsv	289	9277c96e7fa77a4208a2f8b55448b107f6615c03a99e1df299ead1ce81c9d38f	documented_from_source	2026-07-24T00:44:27.228700+00:00
scripts/export_article_tables.py	Python	tables_and_reproducibility	Export the complete main and supplementary table package for the article.	python -u scripts/export_article_tables.py --help	--candidates;--config;--dependency;--discovery;--drug-sensitivity;--expression;--expression-context;--fdr;--functional-evidence;--members;--output-root;--pharmacology-evidence;--pharmacology-ranking;--pharmacology-source-coverage;--pharmacology-source-status;--phenotype;--ranking;--structural-annotations;--structure-manifest;--structure-render-manifest;--tcga-events;--top-n	config/article_assets.yaml;data/processed/expanded_candidate_universe.tsv;data/processed/expanded_class_member_inventory.tsv;data/processed/expanded_pair_functional_evidence.tsv;data/processed/pharmacology/drug_response_selectivity.tsv;data/processed/pharmacology/pharmacology_evidence_long.tsv;data/processed/pharmacology/pharmacology_source_status.tsv;data/processed/regulatory/jaspar_promoter_tf_summary.tsv;data/processed/regulatory/wgcna/wgcna_correlation_fallback_all_cancers.tsv;data/processed/regulatory/wgcna/wgcna_pair_metrics_all_cancers.tsv;data/processed/regulatory/wgcna/wgcna_run_diagnostics_all_cancers.tsv;data/processed/structures/alphafold_structure_manifest.tsv;data/processed/structures/nise_structural_residue_annotations.tsv;data/processed/structures/nise_structure_render_manifest.tsv;data/tables;results/expanded_26Q1/discovery/all_target_dependency_screen.tsv;results/expanded_26Q1/full/expanded_crispr_phenotype_profiles.tsv;results/expanded_26Q1/full/expanded_dependency_contrasts.tsv;results/expanded_26Q1/full/expanded_expression_compensation.tsv;results/expanded_26Q1/full/expanded_expression_context_profiles.tsv;results/expanded_26Q1/full/expanded_rses_onco.tsv;results/expanded_26Q1/full/tcga_gene_event_summary.tsv;results/expanded_26Q1/pharmacology/pharmacology_ranked_hypotheses.tsv;results/expanded_26Q1/pharmacology/pharmacology_source_coverage.tsv;supplementary/Table_S43_evidence_category_definitions.tsv;supplementary/Table_S44_asset_reproduction_registry.tsv	206	6a089a1d69ecc07966c6c7d60b711ebe2ff2c413218a83a9ac768da294304f6a	documented_from_source	2026-07-24T00:44:27.228700+00:00
scripts/export_raw_functional_network_evidence.py	Python	supporting_module	Export raw functional-network, localization and annotation evidence. The exporter filters already acquired STRING, DoRothEA/OmniPath, Human Protein Atlas and UniProtKB tables to genes present in the candidate universe. It preserves source channels and never describes STRING combined scores as direct experiments or DoRothEA associations as promoter binding without a separate direct source.	python -u scripts/export_raw_functional_network_evidence.py --help	--output-root;--ranking;--raw-dir	data/raw/human_functional_evidence;results/expanded_26Q1/full/expanded_rses_onco.tsv	305	ef1d688337d1a3849d735e04392bd3412c1ebc1593bf905a25ae6014b1a199df	documented_from_source	2026-07-24T00:44:27.228700+00:00
scripts/export_supporting_evidence_tables.py	Python	tables_and_reproducibility	Export all available supporting evidence into publication-organized TSV tables. The exporter never synthesizes evidence. Existing tables are copied with provenance; missing sources receive a status row explaining that the corresponding analysis is unavailable in the current release. Network node/edge tables are produced only from real STRING/DoRothEA rows already acquired by the pipeline.	python -u scripts/export_supporting_evidence_tables.py --help	--functional-evidence;--output-root;--ranking	data/processed/expanded_pair_functional_evidence.tsv;data/processed/pharmacology/drug_response_selectivity.tsv;data/processed/pharmacology/pharmacology_evidence_long.tsv;data/processed/structures/alphafold_structure_manifest.tsv;data/processed/structures/nise_structural_residue_annotations.tsv;data/processed/structures/nise_structure_render_manifest.tsv;results/expanded_26Q1/discovery/all_target_dependency_screen.tsv;results/expanded_26Q1/full/expanded_crispr_phenotype_profiles.tsv;results/expanded_26Q1/full/expanded_dependency_contrasts.tsv;results/expanded_26Q1/full/expanded_expression_compensation.tsv;results/expanded_26Q1/full/expanded_expression_context_profiles.tsv;results/expanded_26Q1/full/expanded_rses_onco.tsv;results/expanded_26Q1/full/tcga_gene_event_summary.tsv;results/expanded_26Q1/pharmacology/pharmacology_ranked_hypotheses.tsv	321	cefaad3c460802b56b13bfe296ad948448c3a9944bc1ad73d0eef7fb19b5d2ef	documented_from_source	2026-07-24T00:44:27.228700+00:00
scripts/export_wgcna_regulatory_supporting_evidence.py	Python	expression_and_regulation	Export WGCNA, promoter, TF and methylation source tables into article outputs.	python -u scripts/export_wgcna_regulatory_supporting_evidence.py --help	--article-root	data/processed/regulatory/jaspar_promoter_tf_summary.tsv;data/processed/regulatory/promoter_methylation_pair_metrics.tsv;data/processed/regulatory/promoter_tf_regulatory_pair_metrics.tsv;data/processed/regulatory/wgcna/;data/processed/regulatory/wgcna/wgcna_input_preparation.tsv;data/processed/regulatory/wgcna/wgcna_pair_metrics_all_cancers.tsv;data/processed/regulatory/wgcna/wgcna_run_diagnostics_all_cancers.tsv;data/raw/regulatory/ensembl_promoters.tsv	152	81a44611bfc1cc2aacfd82d4a503a5b141978ae2a3637ff673910b84a0f4d18a	documented_from_source	2026-07-24T00:44:27.228700+00:00
scripts/finalize_genomic_circos_status.py	Python	genomic_circos	Finalize genomic Circos status and source provenance after all enrichment stages.	python -u scripts/finalize_genomic_circos_status.py --help	--candidates;--expression;--models;--output-dir;--promoters;--ranking;--wgcna	data/processed/circos;data/processed/expanded_candidate_universe.tsv;data/processed/regulatory/wgcna/;data/raw/depmap/;data/raw/depmap/Model.csv;data/raw/regulatory/ensembl_promoters.tsv;results/expanded_26Q1/full/expanded_rses_onco.tsv	204	078856e7f583184749d198f12a892cb6a6311e6ece59f2d44fd4a569d6972528	documented_from_source	2026-07-24T00:44:27.228700+00:00
scripts/generate_repository_documentation_assets.sh	Bash	documentation	No module-level description was recorded.	bash scripts/generate_repository_documentation_assets.sh		docs/DATA_ACQUISITION_AND_REPRODUCTION_V0110.md;docs/END_TO_END_ARTICLE_PROTOCOL.md;docs/GENOMIC_CIRCOS_WORKFLOW_V0112.md;docs/METHYLATION_DATA_AND_SCORING_V0111.md;docs/figures;docs/figures/RSES_Onco_workflow_and_applications.dot;docs/figures/RSES_Onco_workflow_and_applications.png;docs/figures/RSES_Onco_workflow_and_applications.svg;logs/documentation_assets;logs/documentation_assets/manuscript_pdf.log;logs/documentation_assets/supplementary_pdf.log;manuscript/RSES_Onco_intro_methods_draft_v0110.docx;manuscript/RSES_Onco_intro_methods_draft_v0110.md;manuscript/RSES_Onco_intro_methods_draft_v0110.pdf;supplementary/Supplementary_Methods_RSES_Onco_v0110.docx;supplementary/Supplementary_Methods_RSES_Onco_v0110.md;supplementary/Supplementary_Methods_RSES_Onco_v0110.pdf	140	096dd8d247c2cf82b238a30db841c543b4f6137a4d965eabe154446b78b18fae	documented_from_source	2026-07-24T00:44:27.228700+00:00
scripts/integrate_methylation_regulatory_layer.py	Python	expression_and_regulation	Integrate promoter methylation into the existing regulatory microniche domain. Methylation does not receive a new independent RSES-Onco domain weight. Instead, it shares the existing regulatory-network domain with DoRothEA TF associations, TF-expression consistency and JASPAR/FIMO promoter-motif support. Missing methylation remains missing and lowers regulatory subcoverage; it is never converted to biological zero.	python -u scripts/integrate_methylation_regulatory_layer.py --help	--candidates;--copy-number;--difference-saturation;--input;--loss-threshold;--methylation;--metrics-output;--min-group-size;--models;--output;--status-output	data/processed/regulatory/promoter_methylation_pair_metrics.tsv;data/processed/regulatory/promoter_methylation_status.json	290	9dfcae0391336a51ab2d1cc8608c59b3601529821aa8ef2467dae9a29d861a2c	documented_from_source	2026-07-24T00:44:27.228700+00:00
scripts/make_all_article_figures.py	Python	figures	Generate and validate every main, supplementary, structural and audit figure.	python -u scripts/make_all_article_figures.py --help	--annotations;--candidates;--config;--coverage;--discovery;--no-strict-layout;--output-root;--pharmacology;--proteins;--ranking;--render-manifest;--strict-layout;--structural-annotations;--structural-coverage;--structure-manifest;--top-n	config/article_assets.yaml;data/curated/human_nise_bonafide_2017.tsv;data/processed/expanded_candidate_universe.tsv;data/processed/structures/alphafold_structure_manifest.tsv;data/processed/structures/nise_structural_annotation_coverage.tsv;data/processed/structures/nise_structural_residue_annotations.tsv;data/processed/structures/nise_structure_render_manifest.tsv;results/expanded_26Q1/discovery/all_target_dependency_screen.tsv;results/expanded_26Q1/full/expanded_rses_onco.tsv;results/expanded_26Q1/pharmacology/pharmacology_ranked_hypotheses.tsv	146	97898a3987929504a830497fec9a57b9d461ffea1b53f85c6ea21408ad82957e	documented_from_source	2026-07-24T00:44:27.228700+00:00
scripts/make_audit_supplementary_figures.py	Python	figures	Generate supplementary evidence-audit and RSES robustness figures S33-S38.	python -u scripts/make_audit_supplementary_figures.py --help	--output-root;--strict-layout		78	3de1b80dd705d1a6ac68f0f500e53bfb54048e5685ea40a309d1dda764a8e67f	documented_from_source	2026-07-24T00:44:27.228700+00:00
scripts/make_empirical_figures.py	Python	figures	Generate publication-ready benchmark or expanded RSES-Onco figures.	python -u scripts/make_empirical_figures.py --help	--input;--output-dir;--top-n	results/empirical_26Q1/full/empirical_rses_onco_by_cancer.tsv	261	30754f8db46dbb03a0243b38e8af6c8976702b1f8a0f0184ca2a553cc6c859bb	documented_from_source	2026-07-24T00:44:27.228700+00:00
scripts/make_extended_multiomics_figures.py	Python	figures	Generate Supplementary Figures S71-S78 for the extended multi-omics layer.	python -u scripts/make_extended_multiomics_figures.py --help	--config;--output-root;--processed-dir;--ranking;--strict-layout	config/extended_multiomics_asset.yaml;data/figures/supplementary;data/processed/extended_multiomics;results/expanded_26Q1/full/expanded_rses_onco.tsv	594	03c6d56f23264a636d9ade6b07512f1d4c7e0f4e305953774727b44c67559441	documented_from_source	2026-07-24T00:44:27.228700+00:00
scripts/make_extended_supporting_figures.py	Python	figures	Generate source-backed supplementary Figures S39-S69. Each registered figure reads a declared machine-readable source. An absent or empty optional source is represented by an explicit unavailable-evidence row; it is never converted to biological zero. Every figure is exported as PNG, PDF and SVG with its exact plotting TSV and layout audit.	python -u scripts/make_extended_supporting_figures.py --help	--config;--output-root;--strict-layout	article_outputs/tables/qc/candidate_domain_evidence_audit.tsv;article_outputs/tables/qc/coverage_by_domain.tsv;article_outputs/tables/qc/evidence_category_assignments.tsv;article_outputs/tables/robustness/controlled_weight_perturbation.tsv;article_outputs/tables/robustness/missing_data_sensitivity.tsv;article_outputs/tables/robustness/ranking_correlations.tsv;article_outputs/tables/score_components/rses_onco_score_decomposition.tsv;article_outputs/tables/supporting_evidence/expression/coexpression_by_event_group.tsv;article_outputs/tables/supporting_evidence/expression/compensation_and_dependency_contrasts.tsv;article_outputs/tables/supporting_evidence/genomic_context/tcga_gene_event_summary.tsv;article_outputs/tables/supporting_evidence/localization/hpa_candidate_localization.tsv;article_outputs/tables/supporting_evidence/model_level/model_level_expression_crispr_copy_number.tsv;article_outputs/tables/supporting_evidence/networks/raw_sources/string_candidate_edges_all_channels.tsv;article_outputs/tables/supporting_evidence/pharmacology/pharmacology_evidence_long.tsv;article_outputs/tables/supporting_evidence/phenotypes/conditional_dependency_contrasts.tsv;article_outputs/tables/supporting_evidence/structures/uniprot_candidate_annotations.tsv;config/article_assets.yaml;data/processed/regulatory/expanded_pair_functional_evidence_by_cancer.tsv;data/processed/regulatory/jaspar_promoter_tf_summary.tsv;data/processed/regulatory/promoter_methylation_pair_metrics.tsv;data/processed/regulatory/wgcna/colon/wgcna_soft_threshold_diagnostics.tsv;data/processed/regulatory/wgcna/wgcna_correlation_fallback_all_cancers.tsv;data/processed/regulatory/wgcna/wgcna_pair_metrics_all_cancers.tsv;data/processed/regulatory/wgcna/wgcna_run_diagnostics_all_cancers.tsv;results/expanded_26Q1/full/expanded_rses_onco.tsv	251	ede3176975b72749f000a8b9fe1340953845b95ed60525cedcccb3a8edfcf88f	documented_from_source	2026-07-24T00:44:27.228700+00:00
scripts/make_figures.py	Python	figures	No module-level description was recorded.	python -u scripts/make_figures.py --help		data/curated/human_nise_bonafide_2017.tsv;results/dependency_contrasts.tsv;results/literature_anchored_candidates.tsv	180	0dd37df79ef6819e5525330bee5e410a1caff8e69cd3c23e2fcea4a743501ddb	documented_from_source	2026-07-24T00:44:27.228700+00:00
scripts/make_genomic_circos_figure.py	Python	genomic_circos	Generate Supplementary Figure S70: genomic Circos for NISE and paralog hypotheses.	python -u scripts/make_genomic_circos_figure.py --help	--config;--coordinates;--links;--output-root;--ring-values;--strict-layout;--tracks	config/article_assets.yaml;data/processed/circos/;data/processed/circos/genomic_circos_pair_links.tsv;data/processed/circos/genomic_circos_ring_values.tsv	526	4f173846f0ce17214d1570ac24c3bf3441d8d827735a449341d6f7aa8cc9b967	documented_from_source	2026-07-24T00:44:27.228700+00:00
scripts/make_genomic_circos_figure_resilient.py	Python	genomic_circos	Generate Figure S70 with a strict-layout-safe complete 35-ring legend.	python -u scripts/make_genomic_circos_figure_resilient.py --help			101	8a79e0e1b2ec223b4e7974866cae9496e5accf26ab953c667a4dd32b70c7d6f7	documented_from_source	2026-07-24T00:44:27.228700+00:00
scripts/make_main_figures.py	Python	figures	Generate every main article figure exclusively from analysis tables.	python -u scripts/make_main_figures.py --help	--candidates;--config;--discovery;--output-root;--pharmacology;--ranking;--strict-layout;--top-n	config/article_assets.yaml;data/processed/expanded_candidate_universe.tsv;results/expanded_26Q1/discovery/all_target_dependency_screen.tsv;results/expanded_26Q1/full/expanded_rses_onco.tsv;results/expanded_26Q1/pharmacology/pharmacology_ranked_hypotheses.tsv	504	0153283a4c8876fd6fc7b0e4f0550fdf9968f655ad654cfb26ea6a2402f0b0f7	documented_from_source	2026-07-24T00:44:27.228700+00:00
scripts/make_main_figures_resilient.py	Python	figures	Run main-figure generation with layout, scientific-display and evidence-audit resilience.	python -u scripts/make_main_figures_resilient.py --help			294	9d6be0a9ad51d06e55b43512bdebe8ab15de082060c1d9643a1963206318821a	documented_from_source	2026-07-24T00:44:27.228700+00:00
scripts/make_nise_structure_figures.py	Python	structural_analysis	Generate the complete human NISE structural atlas from PyMOL renders. Outputs: - Figure 8: representative high-priority NISE structural comparisons; - Figures S15-S29: one large, legible structural atlas per NISE activity group; - Figure S30: AlphaFold confidence and annotation coverage; - Figure S31: catalytic, binding and ligand-residue evidence provenance; - Figure S32: pairwise structural evidence across NISE directions. Molecular renders contain no text labels. Gene, accession, activity, confidence and residue descriptions are placed in dedicated figure areas to prevent overlap.	python -u scripts/make_nise_structure_figures.py --help	--annotations;--coverage;--output-root;--proteins;--ranking;--render-manifest;--strict-layout;--structure-manifest	data/curated/human_nise_bonafide_2017.tsv;data/figures/structures/Figure_8_human_nise_structures.tsv;data/figures/structures/Figure_S30_structure_confidence_coverage.tsv;data/figures/structures/Figure_S31_structural_residue_provenance.tsv;data/figures/structures/Figure_S32_pairwise_structural_evidence.tsv;data/figures/structures/{figure_id}_{group_id}.tsv;data/processed/structures/alphafold_structure_manifest.tsv;data/processed/structures/nise_structural_annotation_coverage.tsv;data/processed/structures/nise_structural_residue_annotations.tsv;data/processed/structures/nise_structure_render_manifest.tsv;results/expanded_26Q1/full/expanded_rses_onco.tsv;supplementary/Figure_S30_structure_confidence_coverage;supplementary/Figure_S31_structural_residue_provenance;supplementary/Figure_S32_pairwise_structural_evidence;supplementary/{figure_id}_{group_id}_structure_atlas	450	da60dc2bdef332b7de264cf85423e7ac6fb9be7bec06ae8caaedb20daf55e6d4	documented_from_source	2026-07-24T00:44:27.228700+00:00
scripts/make_supplementary_figures.py	Python	figures	Generate every supplementary article figure exclusively from source tables.	python -u scripts/make_supplementary_figures.py --help	--candidates;--config;--dependency;--discovery;--drug-sensitivity;--expression-compensation;--expression-profiles;--functional-evidence;--output-root;--pharmacology-coverage;--phenotype-profiles;--ranking;--strict-layout;--tcga-events	config/article_assets.yaml;data/processed/expanded_candidate_universe.tsv;data/processed/expanded_pair_functional_evidence.tsv;data/processed/pharmacology/drug_response_selectivity.tsv;results/expanded_26Q1/discovery/all_target_dependency_screen.tsv;results/expanded_26Q1/full/expanded_crispr_phenotype_profiles.tsv;results/expanded_26Q1/full/expanded_dependency_contrasts.tsv;results/expanded_26Q1/full/expanded_expression_compensation.tsv;results/expanded_26Q1/full/expanded_expression_context_profiles.tsv;results/expanded_26Q1/full/expanded_rses_onco.tsv;results/expanded_26Q1/full/tcga_gene_event_summary.tsv;results/expanded_26Q1/pharmacology/pharmacology_source_coverage.tsv	407	68edc77d6777c77b1988005a7a090e330d8ab242b75f037b8dc54360322555d2	documented_from_source	2026-07-24T00:44:27.228700+00:00
scripts/make_supplementary_figures_resilient.py	Python	figures	Run supplementary-figure generation with layout, semantic and coverage-audit resilience.	python -u scripts/make_supplementary_figures_resilient.py --help			76	95cde6124220edff919b917c3575c73a3dbb2f15037fbf3af5aca79a60ade47e	documented_from_source	2026-07-24T00:44:27.228700+00:00
scripts/materialize_extended_supplementary_tables.py	Python	tables_and_reproducibility	Materialize source-backed supplementary Tables S26-S43. Every table is copied or generated from a traceable pipeline source. Missing or empty sources remain explicitly empty/unavailable and are never replaced with invented biological evidence.	python -u scripts/materialize_extended_supplementary_tables.py --help	--article-root	data/processed/regulatory/jaspar_promoter_tf_summary.tsv;data/processed/regulatory/wgcna/wgcna_correlation_fallback_all_cancers.tsv;data/processed/regulatory/wgcna/wgcna_pair_metrics_all_cancers.tsv;data/processed/regulatory/wgcna/wgcna_run_diagnostics_all_cancers.tsv;results/expanded_26Q1/pharmacology/pharmacology_source_coverage.tsv	79	bf361fcfc5688064184b81022e84a64b31effd2762aa78abb14e32d68c4c7c8e	documented_from_source	2026-07-24T00:44:27.228700+00:00
scripts/prioritize_pharmacology.py	Python	pharmacology	Prioritize target-drug hypotheses for experimental cancer validation. The script merges RSES-Onco vulnerabilities with Open Targets, ChEMBL, DGIdb, MyChem, Pharos, CIViC and optional PRISM/GDSC/CTRP evidence. Outputs are research priorities, not treatment recommendations or claims of clinical efficacy.	python -u scripts/prioritize_pharmacology.py --help	--evidence;--output-dir;--ranking;--sensitivity	data/processed/pharmacology/drug_response_selectivity.tsv;data/processed/pharmacology/pharmacology_evidence_long.tsv;results/expanded_26Q1/full/expanded_rses_onco.tsv;results/expanded_26Q1/pharmacology	376	7a1f392f4ac0bd3ffdb8fdcee61cdc9e3d192c6a89b2a9532e8d898204b9b537	documented_from_source	2026-07-24T00:44:27.228700+00:00
scripts/publication_audit_figures.py	Python	figures	Source-backed coverage, missingness and robustness publication figures.	python -u scripts/publication_audit_figures.py --help			367	d2519ade3e26246a7d08ea06a43e6463997c8038004e8a34671aa2b14b3d47c8	documented_from_source	2026-07-24T00:44:27.228700+00:00
scripts/publication_figure5_cancer_context.py	Python	figures	Cancer-specific Figure 5 renderer with explicit missingness semantics.	python -u scripts/publication_figure5_cancer_context.py --help			149	30bb169b6fdd821ac9dae618f87635fa1f778bb027a3e31e22915043e248c21e	documented_from_source	2026-07-24T00:44:27.228700+00:00
scripts/publication_figure_s1_resilience.py	Python	figures	Data-adaptive, strict-layout-safe implementation of Supplementary Figure S1. The original fixed 3x2 grid allocated the same vertical space to panels with very different numbers and lengths of labels. Real-data runs can therefore produce valid content that fails the strict layout audit through y-tick collisions, especially in the mechanistic-class panel. This module preserves the same source tables and plotted records but derives row heights from the rendered label burden.	python -u scripts/publication_figure_s1_resilience.py --help			331	5fa784cb2d8037e80b923792c2956da8748e778031ef29545a9c2272034d874b	documented_from_source	2026-07-24T00:44:27.228700+00:00
scripts/publication_layout_resilience.py	Python	supporting_module	Publication-layout helpers for axis-off schematics and dense labels.	python -u scripts/publication_layout_resilience.py --help			111	73b86de828a1e2e35c64c918408d89d744c442017a6f8b161486df80c9efbf05	documented_from_source	2026-07-24T00:44:27.228700+00:00
scripts/publication_main_figure_corrections.py	Python	figures	Scientific and layout corrections for main Figures 1, 2, 4 and 5.	python -u scripts/publication_main_figure_corrections.py --help		config/article_assets.yaml	319	a6c7450c191dbd1b1c04f8256cdaf6f09dd88d2286745fb96cf1b4f945ee5737	documented_from_source	2026-07-24T00:44:27.228700+00:00
scripts/publication_pipeline_complete.sh	Bash	orchestration	Complete publication workflow wrapper with genomic Circos and script documentation.	bash scripts/publication_pipeline_complete.sh	--no-strict-layout;--strict-layout	config/genomic_circos_asset.yaml;data/processed/circos;data/processed/circos/genomic_circos_expression_model_values.tsv;data/processed/circos/genomic_circos_expression_summary.tsv;data/processed/circos/genomic_circos_gene_coordinates.tsv;data/processed/circos/genomic_circos_pair_links.tsv;data/processed/circos/genomic_circos_ring_values.tsv;data/processed/circos/genomic_circos_track_definitions.tsv;data/processed/documentation/pipeline_script_catalog.tsv;data/processed/expanded_candidate_universe.tsv};data/processed/expanded_pair_functional_evidence.tsv};data/processed/regulatory/wgcna/wgcna_pair_metrics_all_cancers.tsv};data/raw/depmap};data/raw/human_functional_evidence};data/raw/regulatory/ensembl_promoters.tsv};docs/SCRIPT_CATALOG.md;docs/script_manifest.tsv;logs/publication_26Q1};results/expanded_26Q1/full/expanded_rses_onco.tsv}	215	5b405ec2694fcb1b1ca2cc38d6a0e6a808145efdf901c4c186acd8b6fbffb188	documented_from_source	2026-07-24T00:44:27.228700+00:00
scripts/publication_pipeline_steps.sh	Bash	orchestration	Implementation of the RSES-Onco pharmacology, evidence-audit, robustness, structure and publication workflow.	bash scripts/publication_pipeline_steps.sh	--no-strict-layout;--strict-layout	config/article_assets.yaml;config/drug_sensitivity_sources.yaml;data/curated/human_nise_bonafide_2017.tsv};data/processed/expanded_candidate_universe.tsv};data/processed/expanded_class_member_inventory.tsv};data/processed/expanded_pair_functional_evidence.tsv};data/processed/pharmacology};data/processed/structures;data/processed/structures/alphafold_structure_manifest.tsv};data/processed/structures/nise_structural_annotation_coverage.tsv};data/processed/structures/nise_structural_residue_annotations.tsv};data/processed/structures/nise_structure_render_manifest.tsv};data/raw;data/raw/depmap};data/raw/pharmacology/api_cache;data/raw/structures;data/raw/structures/alphafold;data/raw/structures/annotation_cache;logs/publication_26Q1};logs/structures_26Q1};results/expanded_26Q1/discovery/all_target_dependency_screen.tsv};results/expanded_26Q1/full/expanded_rses_onco.tsv};results/expanded_26Q1/pharmacology}	324	3bfe97247b1e2e4f003784205428e33e7d4526fe8c0beefcd4141c650d7af3c6	documented_from_source	2026-07-24T00:44:27.228700+00:00
scripts/publication_robustness_figures.py	Python	figures	Comparability-aware robustness figures for RSES-Onco.	python -u scripts/publication_robustness_figures.py --help			141	a12ccc3792d8d2321582c9e80a521bcc17898ae190d73787eee15b0fcbfa7b56	documented_from_source	2026-07-24T00:44:27.228700+00:00
scripts/publication_scientific_semantics.py	Python	supporting_module	Scientific display helpers for main and supplementary publication figures. These helpers preserve composite biomarkers as features rather than inventing gene symbols, report the exact single FDR-supported all-target discovery when only one passes, and distinguish compound-resolved pharmacology rows from target-only evidence.	python -u scripts/publication_scientific_semantics.py --help			424	0c7aa09dbd80c62b9981b2e857c49af2790a30f0c1a27733f31bddc12ee3353f	documented_from_source	2026-07-24T00:44:27.228700+00:00
scripts/recompute_rses_with_extended_multiomics.py	Python	scoring	Recompute RSES-Onco v0.12.0 with causal extended multi-omics layers.	python -u scripts/recompute_rses_with_extended_multiomics.py --help	--evidence;--output;--ranking	data/processed/extended_multiomics/;results/expanded_26Q1/full/expanded_rses_onco.tsv	242	8d84aed16d9b6be67bd58ba36581cd1f727cee76f302922200875af2cd37ab09	documented_from_source	2026-07-24T00:44:27.228700+00:00
scripts/recompute_rses_with_wgcna_regulatory.py	Python	expression_and_regulation	Recompute RSES-Onco with WGCNA, promoter and methylation sublayers. The total functional-microniche weights are unchanged. Pairwise expression and WGCNA share the existing expression-context weight. DoRothEA, TF-expression consistency, promoter motifs and promoter methylation share the existing regulatory-network weight. Cancer-specific measurements are matched only to the corresponding cancer score row.	python -u scripts/recompute_rses_with_wgcna_regulatory.py --help	--functional-evidence;--output;--ranking		300	315ad985e247e0fd15b7eb3d1bca0971b3d19c0e91ff600517f924a65e41eaea	documented_from_source	2026-07-24T00:44:27.228700+00:00
scripts/register_genomic_circos_assets.py	Python	genomic_circos	Register Figure S70 and Supplementary Tables S45-S52 in publication manifests.	python -u scripts/register_genomic_circos_assets.py --help	--article-root	article_outputs/figures/supplementary/;article_outputs/source_data/figures/supplementary/;article_outputs/tables/supplementary/{name};config/genomic_circos_asset.yaml;data/processed/circos/genomic_circos_expression_model_values.tsv;data/processed/circos/genomic_circos_expression_summary.tsv;data/processed/circos/genomic_circos_gene_coordinates.tsv;data/processed/circos/genomic_circos_pair_links.tsv;data/processed/circos/genomic_circos_ring_values.tsv;data/processed/circos/genomic_circos_source_provenance.tsv;data/processed/circos/genomic_circos_track_definitions.tsv;data/processed/documentation/pipeline_script_catalog.tsv;data/tables	221	5ba93ec20c0c7c251204d7a7937a3b4b2af3ce49a56aa023e3e117531fb26c11	documented_from_source	2026-07-24T00:44:27.228700+00:00
scripts/render_nise_structures.py	Python	structural_analysis	Render publication-grade whole-structure and functional-site views with PyMOL. All residue labels are placed in the final scripted figure layout rather than on top of the molecular render, preventing label/structure overlap. Important known residues are shown as colored sticks and CA spheres. AlphaFold confidence is read from the PDB B-factor field and displayed using the standard confidence bands.	python -u scripts/render_nise_structures.py --help	--annotations;--height;--output-dir;--pymol;--refresh;--render-manifest;--strict;--structure-manifest;--width	article_outputs/structure_atlas/individual;data/processed/structures/alphafold_structure_manifest.tsv;data/processed/structures/nise_structural_residue_annotations.tsv;data/processed/structures/nise_structure_render_manifest.tsv	197	961984434deb69054d0d7f95e98d6654c0adc007c2d95796cffc9901deaa6fb0	documented_from_source	2026-07-24T00:44:27.228700+00:00
scripts/resume_wgcna_regulatory_pipeline.sh	Bash	expression_and_regulation	Resume from cached STRING/DoRothEA/HPA/UniProt evidence and rebuild RSES-Onco with signed WGCNA, TF-expression, promoter motifs and optional methylation.	bash scripts/resume_wgcna_regulatory_pipeline.sh		data/processed/pharmacology/pharmacology_evidence_long.tsv;data/processed/structures/alphafold_structure_manifest.tsv;data/processed/structures/nise_structural_residue_annotations.tsv;data/processed/structures/nise_structure_render_manifest.tsv;data/processed};data/raw/depmap};data/raw/human_functional_evidence/omnipath_dorothea.tsv};data/raw/regulatory/JASPAR2026_CORE_vertebrates_non-redundant.meme};data/raw/regulatory/ensembl_promoters.fa};data/raw/regulatory/ensembl_promoters.tsv};logs/expanded_26Q1_wgcna};results/expanded_26Q1}	289	ae7c6051f0662957c07cbfe62ec0ab1097eed257a23c13894e4719bb895d9cc1	documented_from_source	2026-07-24T00:44:27.228700+00:00
scripts/run_empirical_rses_onco.py	Python	scoring	Run cancer-specific empirical RSES-Onco with current DepMap/GDC inputs.	python -u scripts/run_empirical_rses_onco.py --help	--candidates;--copy-number;--expression;--expression-saturation-log2;--gene-effect;--loss-threshold;--min-group-size;--models;--output;--tcga	data/curated/synthetic_lethality_reference_pairs.tsv;results/empirical_rses_onco_by_cancer.tsv	159	0549b7d03176024d8fed27f8ba902a0105aacaaa18f049c349156c2a9708c3d1	documented_from_source	2026-07-24T00:44:27.228700+00:00
scripts/run_expanded_pipeline.sh	Bash	orchestration	End-to-end expanded RSES-Onco analysis, pharmacology and publication workflow.	bash scripts/run_expanded_pipeline.sh		data/processed};data/raw/depmap};data/raw/discovery/depmap_all_cn_discovered_pairs.tsv;data/raw/discovery/depmap_discovered_candidate_pairs.tsv};data/raw/ensembl/human_seed_paralogs.tsv};data/raw/gdc};data/raw/human_functional_evidence;logs/expanded_26Q1};results/expanded_26Q1}	326	d1bb81d7b2ade1372b9122f04d3b96af9a2fea4cfe8bbb4cfdfebac9163e5903	documented_from_source	2026-07-24T00:44:27.228700+00:00
scripts/run_expanded_pipeline_portable.sh	Bash	tables_and_reproducibility	Portable launcher for the expanded RSES-Onco pipeline. Direct execution of Python files under scripts/ makes Python place the scripts directory, rather than the repository root, at sys.path[0]. Some recovery entry points import sibling modules through the `scripts.*` namespace. Exporting the repository root through PYTHONPATH makes those imports deterministic in Linux, WSL, tmux, cron and non-interactive shells. The launcher also prepares the official OmniPath static DoRothEA backup before stages that acquire functional evidence. This avoids repeated long waits when the primary OmniPath REST service returns HTTP 5xx or connection timeouts.	bash scripts/run_expanded_pipeline_portable.sh	--check-python-imports	data/raw/human_functional_evidence/dorothea_official_static_9606.tsv;data/raw/human_functional_evidence/dorothea_official_static_9606_status.json	61	82bdeb6dec12c70b05c72aea6d635bca9f292389c9cf3dc7a4b8133d30af3238	documented_from_source	2026-07-24T00:44:27.228700+00:00
scripts/run_expanded_rses_onco.py	Python	scoring	Run eligibility-aware expanded RSES-Onco across all candidate directions. The workflow separates human functional-microniche evidence from cancer-specific therapeutic prioritization. Missing eligible evidence remains missing and lowers explicit coverage. Domains that cannot be evaluated for a hypothesis type are marked non-eligible and excluded from the eligible denominator. Technical or source failure is never converted into biological negative evidence.	python -u scripts/run_expanded_rses_onco.py --help	--candidates;--copy-number;--dependency-threshold;--expression;--functional-evidence;--gene-effect;--loss-threshold;--min-group-size;--models;--output;--tcga	data/processed/expanded_candidate_universe.tsv;data/processed/expanded_pair_functional_evidence.tsv;results/expanded_26Q1/expanded_rses_onco.tsv	629	a40ce85d99692eedcaed2d338c7e1ead2a4913a99fba2c51b88cae415bd4c1da	documented_from_source	2026-07-24T00:44:27.228700+00:00
scripts/run_literature_pilot.py	Python	orchestration	No module-level description was recorded.	python -u scripts/run_literature_pilot.py --help	--input;--output	data/curated/synthetic_lethality_reference_pairs.tsv;results/literature_anchored_candidates.tsv	32	aedef19ae4940062f496b3d2bc542988f727ea324c3abfe2094f5ab621d6adcb	documented_from_source	2026-07-24T00:44:27.228700+00:00
scripts/run_publication_pipeline.sh	Bash	orchestration	Canonical publication-pipeline entry point. `publication_pipeline_complete.sh` integrates model-level evidence, raw functional source exports, the established publication stages, extended validation, reproduction documentation and the mandatory manual-inspection checklist. bash scripts/run_publication_pipeline.sh assets-only bash scripts/run_publication_pipeline.sh all	bash scripts/run_publication_pipeline.sh			14	ef937e7ebaf87603bd6c16d7e7e9c449d98c342707d2c60ed3cae1f4d4ca0c0a	documented_from_source	2026-07-24T00:44:27.228700+00:00
scripts/run_real_data_pipeline.sh	Bash	orchestration	Reproducible real-data workflow for DepMap Public 26Q1 and open TCGA/GDC ASCAT3 data.	bash scripts/run_real_data_pipeline.sh		data/processed};data/raw/depmap};data/raw/ensembl/human_seed_paralogs.tsv};data/raw/gdc};logs/empirical_26Q1};results/empirical_26Q1/depmap_only};results/empirical_26Q1/full};results/expanded_26Q1};supplementary/RSES_Onco_Empirical_26Q1.xlsx;supplementary/RSES_Onco_Expanded_All_NISE_26Q1.xlsx	410	40bbe88f6a769471cf63d9ff2d9fdf056dedd97d2a8d5ade2a013bb569b202fb	documented_from_source	2026-07-24T00:44:27.228700+00:00
scripts/run_rses_robustness_analyses.py	Python	scoring	Run deterministic eligibility-aware RSES-Onco robustness analyses. The script recomputes rankings from observed components under leave-one-domain-out and controlled weight perturbations. Missing values remain missing. Non-eligible domains enter neither the observed nor eligible denominator. Rank stability is reported within cancer and score-comparability groups so composite-event hypotheses are not silently compared as if they had the same evaluable domain universe as gene-pair hypotheses.	python -u scripts/run_rses_robustness_analyses.py --help	--output-root;--ranking;--top-k;--weight-delta	results/expanded_26Q1/full/expanded_rses_onco.tsv	538	e4b215e71ca1591d16ac809e66e91077a684ac1dc369c44fb98eb695378a0ef9	documented_from_source	2026-07-24T00:44:27.228700+00:00
scripts/run_structural_pipeline.sh	Bash	orchestration	Download AlphaFold DB structures, collect known residues, render PyMOL images, and generate all structural article figures.	bash scripts/run_structural_pipeline.sh	--no-strict-layout;--strict-layout	data/curated/human_nise_bonafide_2017.tsv};data/curated/nise_exact_drug_contact_residues.template.tsv;data/curated/nise_exact_drug_contact_residues.tsv;data/curated/nise_exact_drug_contact_residues.tsv};data/processed/structures;data/processed/structures/alphafold_structure_manifest.tsv};data/processed/structures/nise_structural_annotation_coverage.tsv};data/processed/structures/nise_structural_residue_annotations.tsv};data/processed/structures/nise_structure_render_manifest.tsv};data/raw/structures;data/raw/structures/alphafold;data/raw/structures/annotation_cache;logs/structures_26Q1};results/expanded_26Q1/full/expanded_rses_onco.tsv}	120	452b5f9a9751cf6139d112b60bb4cee916a41af0f5c3acab5e98a7c93989fc78	documented_from_source	2026-07-24T00:44:27.228700+00:00
scripts/run_wgcna_expression_network.R	R	expression_and_regulation	No module-level description was recorded.	Rscript scripts/run_wgcna_expression_network.R --help			348	d324c2aa16f27260c6ea391aeda1faca87084602a1d0595b3c67eaae62a32141	documented_from_source	2026-07-24T00:44:27.228700+00:00
scripts/run_wgcna_regulatory_ablation.py	Python	expression_and_regulation	Ablate WGCNA, pairwise expression, TF and promoter regulatory subcomponents.	python -u scripts/run_wgcna_regulatory_ablation.py --help	--article-root;--ranking;--top-k	results/expanded_26Q1/full/expanded_rses_onco.tsv	336	899c4795b57941f1b6b2aef785b9db2efb607137f8b77fd3f602790ed71642b3	documented_from_source	2026-07-24T00:44:27.228700+00:00
scripts/scan_promoter_motifs.py	Python	expression_and_regulation	Scan Ensembl promoter sequences with JASPAR CORE motifs using MEME FIMO. The result is predicted motif occurrence only. It is never labelled as direct TF binding, promoter occupancy, transcriptional activation or repression.	python -u scripts/scan_promoter_motifs.py --help	--fimo;--max-stored-scores;--motifs;--oc;--output;--promoters;--q-value-threshold;--refresh;--status-output;--summary-output;--thresh;--threshold	data/processed/regulatory/jaspar_promoter_motif_hits.tsv;data/processed/regulatory/jaspar_promoter_scan_status.json;data/processed/regulatory/jaspar_promoter_tf_summary.tsv	197	5dae847a966989e2116f1c836a3f8f82f80202065592704b9dca571d4e2a4554	documented_from_source	2026-07-24T00:44:27.228700+00:00
scripts/standardize_drug_sensitivity.py	Python	pharmacology	Standardize PRISM, GDSC and CTRP response files into one long table. The script is intentionally release-agnostic. It reads source definitions from a YAML file, resolves common column names, maps cell-line names to DepMap ModelID when possible, and records every skipped or ambiguous file in a status table. Raw source files are never modified.	python -u scripts/standardize_drug_sensitivity.py --help	--config;--models;--output;--status-output;--strict	config/drug_sensitivity_sources.yaml;data/processed/pharmacology/drug_sensitivity_long.tsv;data/processed/pharmacology/drug_sensitivity_source_status.tsv;data/raw/depmap/Model.csv	274	9fa6758858b9e014adea6092fd0c67933bbec8d2b346f135e1404cad63cd816f	documented_from_source	2026-07-24T00:44:27.228700+00:00
scripts/summarize_empirical_results.py	Python	supporting_module	Create manuscript-ready benchmark or expanded RSES-Onco summary tables.	python -u scripts/summarize_empirical_results.py --help	--depmap-only;--fdr;--input;--output-dir;--top-n	results/empirical_26Q1/depmap_only/empirical_rses_onco_by_cancer.tsv;results/empirical_26Q1/full/article_tables;results/empirical_26Q1/full/empirical_rses_onco_by_cancer.tsv	247	b2004226bc9f5d1a0610b6ab9dab93d815d864d17b66a2e3e528726fc9948522	documented_from_source	2026-07-24T00:44:27.228700+00:00
scripts/sync_circos_documentation_v0112.py	Python	genomic_circos	Idempotently synchronize canonical tutorials and methods with Circos v0.11.2.	python -u scripts/sync_circos_documentation_v0112.py --help		data/processed/circos;data/processed/expanded_candidate_universe.tsv;data/raw/depmap/Model.csv;data/raw/depmap/OmicsExpressionTPMLogp1HumanProteinCodingGenes.csv;data/raw/regulatory/ensembl_promoters.tsv;docs/DATA_ACQUISITION_AND_REPRODUCTION_V0110.md;docs/END_TO_END_ARTICLE_PROTOCOL.md;manuscript/RSES_Onco_intro_methods_draft_v0110.md;results/expanded_26Q1/full/expanded_rses_onco.tsv;supplementary/Supplementary_Methods_RSES_Onco_v0110.md	156	1585dc7e470a86a8cfa7d8957bd8ee8d4cf61f50b4af30ff1c357a01d2bd5ba9	documented_from_source	2026-07-24T00:44:27.228700+00:00
scripts/sync_methylation_documentation_v0111.py	Python	expression_and_regulation	Idempotently synchronize canonical documentation with PR #25 methylation semantics.	python -u scripts/sync_methylation_documentation_v0111.py --help		data/processed/expanded_candidate_universe.tsv;data/processed/regulatory/expanded_pair_functional_evidence_by_cancer.tsv;data/raw/depmap;docs/DATA_ACQUISITION_AND_REPRODUCTION_V0110.md;docs/END_TO_END_ARTICLE_PROTOCOL.md;manuscript/RSES_Onco_intro_methods_draft_v0110.md;supplementary/Supplementary_Methods_RSES_Onco_v0110.md	207	9e8d3e2becaaa46c3872f403310a8f7e09832eb06b1aefbcd1817783fad2fef5	documented_from_source	2026-07-24T00:44:27.228700+00:00
scripts/validate_extended_supporting_evidence.py	Python	validation	Validate model-level and raw-source supporting evidence without overclaiming.	python -u scripts/validate_extended_supporting_evidence.py --help	--article-root		156	e1bb493bd1815a6566cd4ee18d1fbae0dbf4e7bd4150c7c3acfa18674976df0c	documented_from_source	2026-07-24T00:44:27.228700+00:00
scripts/validate_gdc_matrices.py	Python	validation	Validate aggregated TCGA/GDC homozygous-deletion matrices and report coverage.	python -u scripts/validate_gdc_matrices.py --help	--event-output;--expected-samples;--genes;--matrix;--output	data/processed/TCGA_COLON_homdel_discrete.tsv;data/processed/TCGA_LUNG_homdel_discrete.tsv;data/processed/TCGA_STOMACH_homdel_discrete.tsv;results/empirical_26Q1/full/gdc_matrix_qc.tsv;results/empirical_26Q1/full/tcga_gene_event_summary.tsv	161	74e1efb967baebb35067ca867aadde73f84b53184378b62b6b2834650e866c81	documented_from_source	2026-07-24T00:44:27.228700+00:00
scripts/validate_genomic_circos_final_status.py	Python	genomic_circos	Validate finalized genomic Circos counts and SHA-256 provenance.	python -u scripts/validate_genomic_circos_final_status.py --help	--circos-dir	data/processed/circos	101	62b0a7c2f5af9e86c7c59311ed57aa63aa8480b899ac4efb144b7f64d75e9031	documented_from_source	2026-07-24T00:44:27.228700+00:00
scripts/validate_genomic_circos_integrity.py	Python	genomic_circos	Validate scientific integrity of genomic Circos Figure S70 and its source tables.	python -u scripts/validate_genomic_circos_integrity.py --help	--article-root;--candidates	data/processed/expanded_candidate_universe.tsv;data/supplementary/Figure_S70_source_data.tsv;supplementary/Table_S45_genomic_circos_gene_coordinates.tsv;supplementary/Table_S46_genomic_circos_pair_links.tsv;supplementary/Table_S47_genomic_circos_ring_values.tsv;supplementary/Table_S48_genomic_circos_track_definitions.tsv;supplementary/Table_S49_genomic_circos_expression_summary.tsv;supplementary/Table_S50_genomic_circos_expression_model_values.tsv;supplementary/Table_S51_pipeline_script_catalog.tsv	261	95434be9a17d49d0e4d0bfe4fe7db858c2b7d9c41b69021e0d3a74765d1dad5b	documented_from_source	2026-07-24T00:44:27.228700+00:00
scripts/validate_manual_inspection_completion.py	Python	validation	Block final packaging until every registered figure passes manual inspection.	python -u scripts/validate_manual_inspection_completion.py --help	--article-root		85	fcd9f5e4b13c91e0a6d11abb612aba7d7f59cf84c0c5e10cf800b4cbc32e4059	documented_from_source	2026-07-24T00:44:27.228700+00:00
scripts/validate_publication_documents.py	Python	validation	Validate generated DOCX/PDF publication documents and page separation.	python -u scripts/validate_publication_documents.py --help	--article-root;--document-dir;--require-page-renders	article_outputs/documents	110	d4ba06aaa971c5c4aaa820a01b288b05e371565001a616ce895da8ad4d604c3f	documented_from_source	2026-07-24T00:44:27.228700+00:00
scripts/validate_publication_outputs.py	Python	validation	Validate completeness and reproducibility of the publication asset package.	python -u scripts/validate_publication_outputs.py --help	--article-root;--run-marker	data/curated/human_nise_bonafide_2017.tsv;data/figure_source_data_inventory.tsv;data/processed/circos/genomic_circos_status.json;data/processed/regulatory/wgcna/;data/processed/structures/;data/processed/structures/alphafold_structure_manifest.tsv;data/processed/structures/nise_structure_render_manifest.tsv;data/supplementary/Figure_S70_source_data.tsv;docs/SCRIPT_CATALOG.md;docs/script_manifest.tsv	520	fa96597145af215d3728d6e19658849ab746d4a829e166b070f13519bb9bf37d	documented_from_source	2026-07-24T00:44:27.228700+00:00
scripts/validate_publication_scientific_integrity.py	Python	validation	Validate scientific integrity, missingness semantics and figure-source traceability.	python -u scripts/validate_publication_scientific_integrity.py --help	--article-root;--run-marker	data/figure_source_data_inventory.tsv;data/figures/main;data/figures/supplementary	266	a6199b5602cc3ca4bb62efa9a2c6348a812512f890187c300e619a7a11462179	documented_from_source	2026-07-24T00:44:27.228700+00:00
scripts/validate_real_inputs.py	Python	validation	Structural and overlap validation for real DepMap inputs.	python -u scripts/validate_real_inputs.py --help	--candidates;--copy-number;--expression;--gene-effect;--models	data/curated/synthetic_lethality_reference_pairs.tsv	120	4381cec4adaf6116c1d130fa7ab185ef9fdf9256668eccd9f76a2fa47b45172e	documented_from_source	2026-07-24T00:44:27.228700+00:00
scripts/validate_wgcna_regulatory_evidence.py	Python	expression_and_regulation	Validate WGCNA, promoter, TF and methylation evidence integration.	python -u scripts/validate_wgcna_regulatory_evidence.py --help	--article-root;--functional-evidence;--ranking	data/processed/expanded_pair_functional_evidence.tsv;results/expanded_26Q1/full/expanded_rses_onco.tsv	314	a4b7fd2f4a0d19dd26cbc2f60f994b936099aac6743510d0e62e512e33eb1f79	documented_from_source	2026-07-24T00:44:27.228700+00:00
scripts/verify_complete_article_run.sh	Bash	supporting_module	Verify the complete real-data, Circos, structural and publication workflow.	bash scripts/verify_complete_article_run.sh		data/raw/ensembl/ensembl_acquisition_metadata.json};data/raw/gdc};data/supplementary/Figure_S70_source_data.tsv;docs/SCRIPT_CATALOG.md;docs/script_manifest.tsv;results/expanded_26Q1};supplementary/Table_S45_genomic_circos_gene_coordinates.tsv;supplementary/Table_S46_genomic_circos_pair_links.tsv;supplementary/Table_S47_genomic_circos_ring_values.tsv;supplementary/Table_S48_genomic_circos_track_definitions.tsv;supplementary/Table_S49_genomic_circos_expression_summary.tsv;supplementary/Table_S50_genomic_circos_expression_model_values.tsv;supplementary/Table_S51_pipeline_script_catalog.tsv;supplementary/Table_S52_genomic_circos_source_provenance.tsv	177	b59084eadf6eac21fdaa25349e98876fb6dfbff0fdcda585e67273393e088113	documented_from_source	2026-07-24T00:44:27.228700+00:00
src/rses_onco/__init__.py	Python	supporting_module	RSES-Onco: coverage-aware prioritization of cancer synthetic-lethal dependencies.	python -u src/rses_onco/__init__.py --help			3	86a72274f96cb688aaf57a60f69d1c2efe1f370ed54d2bc92bf7bc3cd04e14ff	documented_from_source	2026-07-24T00:44:27.228700+00:00
src/rses_onco/audit.py	Python	validation	No module-level description was recorded.	python -u src/rses_onco/audit.py --help			555	ab91f5ad85757c2bc9dae4d10e00aa9f890d824d27e8243ad7016d45b4caf5ee	documented_from_source	2026-07-24T00:44:27.228700+00:00
src/rses_onco/audit_eligibility.py	Python	validation	No module-level description was recorded.	python -u src/rses_onco/audit_eligibility.py --help			433	f9e76a822716f886ea560b0bb3ded669815da92474ea633a1be352bf798fc8fc	documented_from_source	2026-07-24T00:44:27.228700+00:00
src/rses_onco/circos.py	Python	genomic_circos	No module-level description was recorded.	python -u src/rses_onco/circos.py --help			114	3f4e53a5400cd8baf0453aaf8a6bc964652c1eabc0af45fb459971a09c050da0	documented_from_source	2026-07-24T00:44:27.228700+00:00
src/rses_onco/cli.py	Python	supporting_module	No module-level description was recorded.	python -u src/rses_onco/cli.py --help	--input;--output	data/curated/synthetic_lethality_reference_pairs.tsv;results/literature_anchored_candidates.tsv	32	5be702ad700db9bcff799a5cc716237cadbc3054ee49cbedc157cd42001c24b9	documented_from_source	2026-07-24T00:44:27.228700+00:00
src/rses_onco/depmap.py	Python	supporting_module	No module-level description was recorded.	python -u src/rses_onco/depmap.py --help			363	946fcda6c7f8659f37df5e34acd81c2b61e2cac9be26bec8c57cc501a7d70541	documented_from_source	2026-07-24T00:44:27.228700+00:00
src/rses_onco/evidence_categories.py	Python	supporting_module	No module-level description was recorded.	python -u src/rses_onco/evidence_categories.py --help			61	0f9c7c328535d4bd7c4fd63975633771b0ab6696e4c954dd3a959aa71d6ea136	documented_from_source	2026-07-24T00:44:27.228700+00:00
src/rses_onco/expanded.py	Python	supporting_module	No module-level description was recorded.	python -u src/rses_onco/expanded.py --help			426	2fa5954af7eb02412bed0c7ef9a40c9a53d8c3f09ed4adafde190f713ebaabbe	documented_from_source	2026-07-24T00:44:27.228700+00:00
src/rses_onco/extended_multiomics.py	Python	supporting_module	No module-level description was recorded.	python -u src/rses_onco/extended_multiomics.py --help			1072	563ac8cef7e8c0bb11d09db082fefc47592008d188a05693f06d49fe26463c69	documented_from_source	2026-07-24T00:44:27.228700+00:00
src/rses_onco/integrate.py	Python	supporting_module	No module-level description was recorded.	python -u src/rses_onco/integrate.py --help			48	116ed93f29399c9af3a92a3d9e56c5fbe05316818f5fe24998ae92702893e679	documented_from_source	2026-07-24T00:44:27.228700+00:00
src/rses_onco/methylation.py	Python	expression_and_regulation	No module-level description was recorded.	python -u src/rses_onco/methylation.py --help			418	5ecb6f1fd883f9fa0b48a74845742025bbedabf9558d99a133b7a8feff7d8b30	documented_from_source	2026-07-24T00:44:27.228700+00:00
src/rses_onco/networks.py	Python	supporting_module	No module-level description was recorded.	python -u src/rses_onco/networks.py --help			189	e51d6a468b0937b7ca5892e4ce5aba8b53907efc2320ddf95a6b6dabeb4cbc80	documented_from_source	2026-07-24T00:44:27.228700+00:00
src/rses_onco/pharmacology.py	Python	pharmacology	No module-level description was recorded.	python -u src/rses_onco/pharmacology.py --help			225	6db5fae306cb958cd980f8809133d6bce06c47e39413520ed67646e0807e2fa7	documented_from_source	2026-07-24T00:44:27.228700+00:00
src/rses_onco/publication.py	Python	supporting_module	No module-level description was recorded.	python -u src/rses_onco/publication.py --help			380	bdcc9e76d1d94ddcf99d727b306a6b21c6cb481ed695a18dda4c8108ea6bc960	documented_from_source	2026-07-24T00:44:27.228700+00:00
src/rses_onco/score.py	Python	scoring	No module-level description was recorded.	python -u src/rses_onco/score.py --help			84	47a8328aa204a77ad7e0517119b1878a47f23465b9bb9df9825bf938ec33fff5	documented_from_source	2026-07-24T00:44:27.228700+00:00
src/rses_onco/structural.py	Python	supporting_module	No module-level description was recorded.	python -u src/rses_onco/structural.py --help			350	53f5fa6b17a6214ff368f3d9a0259a35382b627e57fa956417b71d944fdd23fd	documented_from_source	2026-07-24T00:44:27.228700+00:00
src/rses_onco/structural_mapping.py	Python	supporting_module	No module-level description was recorded.	python -u src/rses_onco/structural_mapping.py --help			239	558c126b87b904f1590db09c08bb335af86990d5691265f704748b2c6a71b9ff	documented_from_source	2026-07-24T00:44:27.228700+00:00
src/rses_onco/tcga.py	Python	supporting_module	No module-level description was recorded.	python -u src/rses_onco/tcga.py --help			39	b23212aa4d3815afa14c8f0199242050a64b3a76fecc1707d9e19c133e837535	documented_from_source	2026-07-24T00:44:27.228700+00:00
src/rses_onco/tree.py	Python	supporting_module	No module-level description was recorded.	python -u src/rses_onco/tree.py --help	--auto;--thread		50	c362eb18dd33e92c32124f4db1d0556f01132e85139b8627d528a9af16c87ab1	documented_from_source	2026-07-24T00:44:27.228700+00:00
src/rses_onco/utils.py	Python	supporting_module	No module-level description was recorded.	python -u src/rses_onco/utils.py --help			89	334f801ed67bd0a4cf606ac2c558d30804d99008bee1ba22bd3e9e9515f7c2cd	documented_from_source	2026-07-24T00:44:27.228700+00:00
